{
  "template_image": "PAD_丛代凤_21364.jpg",
  "template_size": {
    "width": 1064,
    "height": 1890
  },
  "rois": [
    {
      "name": "name",
      "x": 0.3468045112781955,
      "y": 0.353968253968254,
      "w": 0.3599624060150376,
      "h": 0.07037037037037037
    },
    {
      "name": "code",
      "x": 0.17857142857142858,
      "y": 0.7883597883597884,
      "w": 0.19736842105263158,
      "h": 0.018518518518518517
    },
    {
      "name": "sss",
      "x": 0.6663533834586466,
      "y": 0.753968253968254,
      "w": 0.14191729323308272,
      "h": 0.04973544973544974
    }
  ]
}