{
  "template_image": "PAD_丁书芹_21556.jpg",
  "template_size": {
    "width": 1064,
    "height": 1890
  },
  "rois": [
    {
      "name": "name",
      "x": 0.34962406015037595,
      "y": 0.35714285714285715,
      "w": 0.33458646616541354,
      "h": 0.06031746031746032
    },
    {
      "name": "number",
      "x": 0.17857142857142858,
      "y": 0.7888888888888889,
      "w": 0.19830827067669174,
      "h": 0.018518518518518517
    }
  ]
}