{
  "template_image": "PAD_丛代凤_21364.jpg",
  "template_size": {
    "width": 1064,
    "height": 1890
  },
  "rois": [
    {
      "name": "field_1",
      "x": 0.6015037593984962,
      "y": 0.31216931216931215,
      "w": 0.0,
      "h": 0.0
    },
    {
      "name": "name",
      "x": 0.3505639097744361,
      "y": 0.364021164021164,
      "w": 0.34962406015037595,
      "h": 0.054497354497354496
    },
    {
      "name": "date",
      "x": 0.21052631578947367,
      "y": 0.7687830687830688,
      "w": 0.16635338345864661,
      "h": 0.021164021164021163
    },
    {
      "name": "code",
      "x": 0.17763157894736842,
      "y": 0.7941798941798942,
      "w": 0.22838345864661655,
      "h": 0.011111111111111112
    }
  ]
}